[{"model": "contenttypes.contenttype", "pk": 1, "fields": {"app_label": "admin", "model": "logentry"}}, {"model": "contenttypes.contenttype", "pk": 2, "fields": {"app_label": "auth", "model": "permission"}}, {"model": "contenttypes.contenttype", "pk": 3, "fields": {"app_label": "auth", "model": "group"}}, {"model": "contenttypes.contenttype", "pk": 4, "fields": {"app_label": "contenttypes", "model": "contenttype"}}, {"model": "contenttypes.contenttype", "pk": 5, "fields": {"app_label": "sessions", "model": "session"}}, {"model": "contenttypes.contenttype", "pk": 6, "fields": {"app_label": "social_django", "model": "association"}}, {"model": "contenttypes.contenttype", "pk": 7, "fields": {"app_label": "social_django", "model": "code"}}, {"model": "contenttypes.contenttype", "pk": 8, "fields": {"app_label": "social_django", "model": "nonce"}}, {"model": "contenttypes.contenttype", "pk": 9, "fields": {"app_label": "social_django", "model": "usersocialauth"}}, {"model": "contenttypes.contenttype", "pk": 10, "fields": {"app_label": "social_django", "model": "partial"}}, {"model": "contenttypes.contenttype", "pk": 11, "fields": {"app_label": "CustomUser", "model": "customuser"}}, {"model": "contenttypes.contenttype", "pk": 12, "fields": {"app_label": "QuestionareAPP", "model": "answers"}}, {"model": "contenttypes.contenttype", "pk": 13, "fields": {"app_label": "QuestionareAPP", "model": "testing"}}, {"model": "contenttypes.contenttype", "pk": 14, "fields": {"app_label": "QuestionareAPP", "model": "resulthead"}}, {"model": "contenttypes.contenttype", "pk": 15, "fields": {"app_label": "QuestionareAPP", "model": "result"}}, {"model": "contenttypes.contenttype", "pk": 16, "fields": {"app_label": "QuestionareAPP", "model": "question"}}, {"model": "contenttypes.contenttype", "pk": 17, "fields": {"app_label": "QuestionareAPP", "model": "comments"}}, {"model": "sessions.session", "pk": "txlukzpf79xo2sozj8hlb228p6kl1hv8", "fields": {"session_data": "NmIwM2YzNjhkYzdmYzhmM2QyMDEwODBmMDg2MjIwYmMxOTRjNjEwYjp7Il9hdXRoX3VzZXJfaWQiOiIxIiwiX2F1dGhfdXNlcl9iYWNrZW5kIjoiZGphbmdvLmNvbnRyaWIuYXV0aC5iYWNrZW5kcy5Nb2RlbEJhY2tlbmQiLCJfYXV0aF91c2VyX2hhc2giOiJmOTgyZjUzNzIzZWM5OGJkMjdlNTY4ZjUwMGQ5M2M3MTBjZTExZjc2In0=", "expire_date": "2019-10-16T06:01:20.263Z"}}, {"model": "QuestionareAPP.question", "pk": 1, "fields": {"deskriptionQuest": "\u043f\u0435\u0440\u0432\u044b\u0439 \u0432\u043e\u043f\u0440\u043e\u0441", "testing": 1}}, {"model": "QuestionareAPP.question", "pk": 2, "fields": {"deskriptionQuest": "\u0432\u0442\u043e\u0440\u043e\u0439 \u0432\u043e\u043f\u0440\u043e\u0441", "testing": 1}}, {"model": "QuestionareAPP.question", "pk": 3, "fields": {"deskriptionQuest": "\u0442\u0440\u0435\u0442\u0438\u0439 \u0432\u043e\u043f\u0440\u043e\u0441", "testing": 1}}, {"model": "QuestionareAPP.question", "pk": 4, "fields": {"deskriptionQuest": "\u0427\u0435\u0442\u0432\u0435\u0440\u0442\u044b\u0439 \u0432\u043e\u043f\u0440\u043e\u0441", "testing": 1}}, {"model": "QuestionareAPP.question", "pk": 5, "fields": {"deskriptionQuest": "\u041f\u044f\u0442\u044b\u0439 \u0432\u043e\u043f\u0440\u043e\u0441", "testing": 1}}, {"model": "QuestionareAPP.question", "pk": 6, "fields": {"deskriptionQuest": "1+1", "testing": 2}}, {"model": "QuestionareAPP.question", "pk": 7, "fields": {"deskriptionQuest": "3", "testing": 2}}, {"model": "QuestionareAPP.question", "pk": 8, "fields": {"deskriptionQuest": "1+3", "testing": 2}}, {"model": "QuestionareAPP.question", "pk": 9, "fields": {"deskriptionQuest": "1+4", "testing": 2}}, {"model": "QuestionareAPP.question", "pk": 10, "fields": {"deskriptionQuest": "1+5", "testing": 2}}, {"model": "QuestionareAPP.question", "pk": 11, "fields": {"deskriptionQuest": "1+6", "testing": 2}}, {"model": "QuestionareAPP.answers", "pk": 1, "fields": {"answer": "\u043f\u0440\u0430\u0432\u0435\u043b\u044c\u043d\u044b\u0439 \u043e\u0442\u0432\u0435\u0442", "itTrue": true, "question": 1}}, {"model": "QuestionareAPP.answers", "pk": 2, "fields": {"answer": "\u043b\u043e\u0436\u043d\u044b\u0439 \u043e\u0442\u0432\u0435\u0442", "itTrue": false, "question": 1}}, {"model": "QuestionareAPP.answers", "pk": 3, "fields": {"answer": "\u043b\u043e\u0436\u043d\u044b\u0439 \u043e\u0442\u0432\u0435\u0442", "itTrue": false, "question": 1}}, {"model": "QuestionareAPP.answers", "pk": 4, "fields": {"answer": "\u043b\u043e\u0436\u043d\u044b\u0439 \u043e\u0442\u0432\u0435\u0442", "itTrue": false, "question": 1}}, {"model": "QuestionareAPP.answers", "pk": 5, "fields": {"answer": "\u043f\u0440\u0430\u0432\u0435\u043b\u044c\u043d\u044b\u0439 \u043e\u0442\u0432\u0435\u0442", "itTrue": true, "question": 2}}, {"model": "QuestionareAPP.answers", "pk": 6, "fields": {"answer": "\u043b\u043e\u0436\u043d\u044b\u0439 \u043e\u0442\u0432\u0435\u0442", "itTrue": false, "question": 2}}, {"model": "QuestionareAPP.answers", "pk": 7, "fields": {"answer": "\u043b\u043e\u0436\u043d\u044b\u0439 \u043e\u0442\u0432\u0435\u0442", "itTrue": false, "question": 2}}, {"model": "QuestionareAPP.answers", "pk": 8, "fields": {"answer": "\u043b\u043e\u0436\u043d\u044b\u0439 \u043e\u0442\u0432\u0435\u0442", "itTrue": false, "question": 2}}, {"model": "QuestionareAPP.answers", "pk": 9, "fields": {"answer": "\u043f\u0440\u0430\u0432\u0435\u043b\u044c\u043d\u044b\u0439 \u043e\u0442\u0432\u0435\u0442", "itTrue": true, "question": 3}}, {"model": "QuestionareAPP.answers", "pk": 10, "fields": {"answer": "\u043b\u043e\u0436\u043d\u044b\u0439 \u043e\u0442\u0432\u0435\u0442", "itTrue": false, "question": 3}}, {"model": "QuestionareAPP.answers", "pk": 11, "fields": {"answer": "\u043b\u043e\u0436\u043d\u044b\u0439 \u043e\u0442\u0432\u0435\u0442", "itTrue": false, "question": 3}}, {"model": "QuestionareAPP.answers", "pk": 12, "fields": {"answer": "\u043b\u043e\u0436\u043d\u044b\u0439 \u043e\u0442\u0432\u0435\u0442", "itTrue": false, "question": 3}}, {"model": "QuestionareAPP.answers", "pk": 13, "fields": {"answer": "\u043f\u0440\u0430\u0432\u0435\u043b\u044c\u043d\u044b\u0439 \u043e\u0442\u0432\u0435\u0442", "itTrue": true, "question": 4}}, {"model": "QuestionareAPP.answers", "pk": 14, "fields": {"answer": "\u043b\u043e\u0436\u043d\u044b\u0439 \u043e\u0442\u0432\u0435\u0442", "itTrue": false, "question": 4}}, {"model": "QuestionareAPP.answers", "pk": 15, "fields": {"answer": "\u043b\u043e\u0436\u043d\u044b\u0439 \u043e\u0442\u0432\u0435\u0442", "itTrue": false, "question": 4}}, {"model": "QuestionareAPP.answers", "pk": 16, "fields": {"answer": "\u043b\u043e\u0436\u043d\u044b\u0439 \u043e\u0442\u0432\u0435\u0442", "itTrue": false, "question": 4}}, {"model": "QuestionareAPP.answers", "pk": 17, "fields": {"answer": "\u043f\u0440\u0430\u0432\u0435\u043b\u044c\u043d\u044b\u0439 \u043e\u0442\u0432\u0435\u0442", "itTrue": true, "question": 5}}, {"model": "QuestionareAPP.answers", "pk": 18, "fields": {"answer": "\u043b\u043e\u0436\u043d\u044b\u0439 \u043e\u0442\u0432\u0435\u0442", "itTrue": false, "question": 5}}, {"model": "QuestionareAPP.answers", "pk": 19, "fields": {"answer": "\u043b\u043e\u0436\u043d\u044b\u0439 \u043e\u0442\u0432\u0435\u0442", "itTrue": false, "question": 5}}, {"model": "QuestionareAPP.answers", "pk": 20, "fields": {"answer": "\u043b\u043e\u0436\u043d\u044b\u0439 \u043e\u0442\u0432\u0435\u0442", "itTrue": false, "question": 5}}, {"model": "QuestionareAPP.answers", "pk": 21, "fields": {"answer": "2", "itTrue": true, "question": 6}}, {"model": "QuestionareAPP.answers", "pk": 22, "fields": {"answer": "3", "itTrue": false, "question": 6}}, {"model": "QuestionareAPP.answers", "pk": 23, "fields": {"answer": "4", "itTrue": false, "question": 6}}, {"model": "QuestionareAPP.answers", "pk": 24, "fields": {"answer": "1+2", "itTrue": false, "question": 6}}, {"model": "QuestionareAPP.answers", "pk": 25, "fields": {"answer": "4", "itTrue": true, "question": 7}}, {"model": "QuestionareAPP.answers", "pk": 26, "fields": {"answer": "5", "itTrue": false, "question": 7}}, {"model": "QuestionareAPP.answers", "pk": 27, "fields": {"answer": "6", "itTrue": false, "question": 7}}, {"model": "QuestionareAPP.answers", "pk": 28, "fields": {"answer": "7", "itTrue": false, "question": 7}}, {"model": "QuestionareAPP.answers", "pk": 29, "fields": {"answer": "4", "itTrue": true, "question": 8}}, {"model": "QuestionareAPP.answers", "pk": 30, "fields": {"answer": "5", "itTrue": false, "question": 8}}, {"model": "QuestionareAPP.answers", "pk": 31, "fields": {"answer": "6", "itTrue": false, "question": 8}}, {"model": "QuestionareAPP.answers", "pk": 32, "fields": {"answer": "7", "itTrue": false, "question": 8}}, {"model": "QuestionareAPP.answers", "pk": 33, "fields": {"answer": "5", "itTrue": true, "question": 9}}, {"model": "QuestionareAPP.answers", "pk": 34, "fields": {"answer": "6", "itTrue": false, "question": 9}}, {"model": "QuestionareAPP.answers", "pk": 35, "fields": {"answer": "7", "itTrue": false, "question": 9}}, {"model": "QuestionareAPP.answers", "pk": 36, "fields": {"answer": "8", "itTrue": false, "question": 9}}, {"model": "QuestionareAPP.answers", "pk": 37, "fields": {"answer": "6", "itTrue": true, "question": 10}}, {"model": "QuestionareAPP.answers", "pk": 38, "fields": {"answer": "7", "itTrue": false, "question": 10}}, {"model": "QuestionareAPP.answers", "pk": 39, "fields": {"answer": "8", "itTrue": false, "question": 10}}, {"model": "QuestionareAPP.answers", "pk": 40, "fields": {"answer": "9", "itTrue": false, "question": 10}}, {"model": "QuestionareAPP.answers", "pk": 41, "fields": {"answer": "7", "itTrue": true, "question": 11}}, {"model": "QuestionareAPP.answers", "pk": 42, "fields": {"answer": "8", "itTrue": false, "question": 11}}, {"model": "QuestionareAPP.answers", "pk": 43, "fields": {"answer": "9", "itTrue": false, "question": 11}}, {"model": "QuestionareAPP.answers", "pk": 44, "fields": {"answer": "12", "itTrue": false, "question": 11}}, {"model": "auth.permission", "pk": 1, "fields": {"name": "Can add log entry", "content_type": 1, "codename": "add_logentry"}}, {"model": "auth.permission", "pk": 2, "fields": {"name": "Can change log entry", "content_type": 1, "codename": "change_logentry"}}, {"model": "auth.permission", "pk": 3, "fields": {"name": "Can delete log entry", "content_type": 1, "codename": "delete_logentry"}}, {"model": "auth.permission", "pk": 4, "fields": {"name": "Can view log entry", "content_type": 1, "codename": "view_logentry"}}, {"model": "auth.permission", "pk": 5, "fields": {"name": "Can add permission", "content_type": 2, "codename": "add_permission"}}, {"model": "auth.permission", "pk": 6, "fields": {"name": "Can change permission", "content_type": 2, "codename": "change_permission"}}, {"model": "auth.permission", "pk": 7, "fields": {"name": "Can delete permission", "content_type": 2, "codename": "delete_permission"}}, {"model": "auth.permission", "pk": 8, "fields": {"name": "Can view permission", "content_type": 2, "codename": "view_permission"}}, {"model": "auth.permission", "pk": 9, "fields": {"name": "Can add group", "content_type": 3, "codename": "add_group"}}, {"model": "auth.permission", "pk": 10, "fields": {"name": "Can change group", "content_type": 3, "codename": "change_group"}}, {"model": "auth.permission", "pk": 11, "fields": {"name": "Can delete group", "content_type": 3, "codename": "delete_group"}}, {"model": "auth.permission", "pk": 12, "fields": {"name": "Can view group", "content_type": 3, "codename": "view_group"}}, {"model": "auth.permission", "pk": 13, "fields": {"name": "Can add content type", "content_type": 4, "codename": "add_contenttype"}}, {"model": "auth.permission", "pk": 14, "fields": {"name": "Can change content type", "content_type": 4, "codename": "change_contenttype"}}, {"model": "auth.permission", "pk": 15, "fields": {"name": "Can delete content type", "content_type": 4, "codename": "delete_contenttype"}}, {"model": "auth.permission", "pk": 16, "fields": {"name": "Can view content type", "content_type": 4, "codename": "view_contenttype"}}, {"model": "auth.permission", "pk": 17, "fields": {"name": "Can add session", "content_type": 5, "codename": "add_session"}}, {"model": "auth.permission", "pk": 18, "fields": {"name": "Can change session", "content_type": 5, "codename": "change_session"}}, {"model": "auth.permission", "pk": 19, "fields": {"name": "Can delete session", "content_type": 5, "codename": "delete_session"}}, {"model": "auth.permission", "pk": 20, "fields": {"name": "Can view session", "content_type": 5, "codename": "view_session"}}, {"model": "auth.permission", "pk": 21, "fields": {"name": "Can add association", "content_type": 6, "codename": "add_association"}}, {"model": "auth.permission", "pk": 22, "fields": {"name": "Can change association", "content_type": 6, "codename": "change_association"}}, {"model": "auth.permission", "pk": 23, "fields": {"name": "Can delete association", "content_type": 6, "codename": "delete_association"}}, {"model": "auth.permission", "pk": 24, "fields": {"name": "Can view association", "content_type": 6, "codename": "view_association"}}, {"model": "auth.permission", "pk": 25, "fields": {"name": "Can add code", "content_type": 7, "codename": "add_code"}}, {"model": "auth.permission", "pk": 26, "fields": {"name": "Can change code", "content_type": 7, "codename": "change_code"}}, {"model": "auth.permission", "pk": 27, "fields": {"name": "Can delete code", "content_type": 7, "codename": "delete_code"}}, {"model": "auth.permission", "pk": 28, "fields": {"name": "Can view code", "content_type": 7, "codename": "view_code"}}, {"model": "auth.permission", "pk": 29, "fields": {"name": "Can add nonce", "content_type": 8, "codename": "add_nonce"}}, {"model": "auth.permission", "pk": 30, "fields": {"name": "Can change nonce", "content_type": 8, "codename": "change_nonce"}}, {"model": "auth.permission", "pk": 31, "fields": {"name": "Can delete nonce", "content_type": 8, "codename": "delete_nonce"}}, {"model": "auth.permission", "pk": 32, "fields": {"name": "Can view nonce", "content_type": 8, "codename": "view_nonce"}}, {"model": "auth.permission", "pk": 33, "fields": {"name": "Can add user social auth", "content_type": 9, "codename": "add_usersocialauth"}}, {"model": "auth.permission", "pk": 34, "fields": {"name": "Can change user social auth", "content_type": 9, "codename": "change_usersocialauth"}}, {"model": "auth.permission", "pk": 35, "fields": {"name": "Can delete user social auth", "content_type": 9, "codename": "delete_usersocialauth"}}, {"model": "auth.permission", "pk": 36, "fields": {"name": "Can view user social auth", "content_type": 9, "codename": "view_usersocialauth"}}, {"model": "auth.permission", "pk": 37, "fields": {"name": "Can add partial", "content_type": 10, "codename": "add_partial"}}, {"model": "auth.permission", "pk": 38, "fields": {"name": "Can change partial", "content_type": 10, "codename": "change_partial"}}, {"model": "auth.permission", "pk": 39, "fields": {"name": "Can delete partial", "content_type": 10, "codename": "delete_partial"}}, {"model": "auth.permission", "pk": 40, "fields": {"name": "Can view partial", "content_type": 10, "codename": "view_partial"}}, {"model": "auth.permission", "pk": 41, "fields": {"name": "Can add user", "content_type": 11, "codename": "add_customuser"}}, {"model": "auth.permission", "pk": 42, "fields": {"name": "Can change user", "content_type": 11, "codename": "change_customuser"}}, {"model": "auth.permission", "pk": 43, "fields": {"name": "Can delete user", "content_type": 11, "codename": "delete_customuser"}}, {"model": "auth.permission", "pk": 44, "fields": {"name": "Can view user", "content_type": 11, "codename": "view_customuser"}}, {"model": "auth.permission", "pk": 45, "fields": {"name": "Can add answers", "content_type": 12, "codename": "add_answers"}}, {"model": "auth.permission", "pk": 46, "fields": {"name": "Can change answers", "content_type": 12, "codename": "change_answers"}}, {"model": "auth.permission", "pk": 47, "fields": {"name": "Can delete answers", "content_type": 12, "codename": "delete_answers"}}, {"model": "auth.permission", "pk": 48, "fields": {"name": "Can view answers", "content_type": 12, "codename": "view_answers"}}, {"model": "auth.permission", "pk": 49, "fields": {"name": "Can add testing", "content_type": 13, "codename": "add_testing"}}, {"model": "auth.permission", "pk": 50, "fields": {"name": "Can change testing", "content_type": 13, "codename": "change_testing"}}, {"model": "auth.permission", "pk": 51, "fields": {"name": "Can delete testing", "content_type": 13, "codename": "delete_testing"}}, {"model": "auth.permission", "pk": 52, "fields": {"name": "Can view testing", "content_type": 13, "codename": "view_testing"}}, {"model": "auth.permission", "pk": 53, "fields": {"name": "Can add result head", "content_type": 14, "codename": "add_resulthead"}}, {"model": "auth.permission", "pk": 54, "fields": {"name": "Can change result head", "content_type": 14, "codename": "change_resulthead"}}, {"model": "auth.permission", "pk": 55, "fields": {"name": "Can delete result head", "content_type": 14, "codename": "delete_resulthead"}}, {"model": "auth.permission", "pk": 56, "fields": {"name": "Can view result head", "content_type": 14, "codename": "view_resulthead"}}, {"model": "auth.permission", "pk": 57, "fields": {"name": "Can add result", "content_type": 15, "codename": "add_result"}}, {"model": "auth.permission", "pk": 58, "fields": {"name": "Can change result", "content_type": 15, "codename": "change_result"}}, {"model": "auth.permission", "pk": 59, "fields": {"name": "Can delete result", "content_type": 15, "codename": "delete_result"}}, {"model": "auth.permission", "pk": 60, "fields": {"name": "Can view result", "content_type": 15, "codename": "view_result"}}, {"model": "auth.permission", "pk": 61, "fields": {"name": "Can add question", "content_type": 16, "codename": "add_question"}}, {"model": "auth.permission", "pk": 62, "fields": {"name": "Can change question", "content_type": 16, "codename": "change_question"}}, {"model": "auth.permission", "pk": 63, "fields": {"name": "Can delete question", "content_type": 16, "codename": "delete_question"}}, {"model": "auth.permission", "pk": 64, "fields": {"name": "Can view question", "content_type": 16, "codename": "view_question"}}, {"model": "auth.permission", "pk": 65, "fields": {"name": "Can add comments", "content_type": 17, "codename": "add_comments"}}, {"model": "auth.permission", "pk": 66, "fields": {"name": "Can change comments", "content_type": 17, "codename": "change_comments"}}, {"model": "auth.permission", "pk": 67, "fields": {"name": "Can delete comments", "content_type": 17, "codename": "delete_comments"}}, {"model": "auth.permission", "pk": 68, "fields": {"name": "Can view comments", "content_type": 17, "codename": "view_comments"}}, {"model": "CustomUser.customuser", "pk": 1, "fields": {"password": "pbkdf2_sha256$150000$O74f2BbpgUdI$23b/bO/ewYw5c9K46aLbV1FovLnZn/4hB/PCBUf4k3Q=", "last_login": "2019-10-02T06:01:20.250Z", "is_superuser": true, "username": "admin", "first_name": "", "last_name": "", "email": "admin@example.com", "is_staff": true, "is_active": true, "date_joined": "2019-10-02T06:01:05.008Z", "avatar": "media/images/boy.png", "dob": null, "aMyself": null, "groups": [], "user_permissions": []}}, {"model": "QuestionareAPP.testing", "pk": 1, "fields": {"nameTest": "test1", "dateQT": "2019-10-02", "description": "for fixture", "autor": 1}}, {"model": "QuestionareAPP.testing", "pk": 2, "fields": {"nameTest": "test 2", "dateQT": "2019-10-02", "description": "for fixture 2", "autor": 1}}]
