[
  {
    "model": "QuestionareAPP.testing",
    "pk": 1,
    "fields": {
      "nameTest": "test1",
      "dateQT": "2019-10-02",
      "description": "for fixture",
      "autor": null
    }
  },
  {
    "model": "QuestionareAPP.testing",
    "pk": 2,
    "fields": {
      "nameTest": "test 2",
      "dateQT": "2019-10-02",
      "description": "for fixture 2",
      "autor": null
    }
  },
  {
    "model": "QuestionareAPP.question",
    "pk": 1,
    "fields": {
      "deskriptionQuest": "первый вопрос",
      "testing": 1
    }
  },
  {
    "model": "QuestionareAPP.question",
    "pk": 2,
    "fields": {
      "deskriptionQuest": "второй вопрос",
      "testing": 1
    }
  },
  {
    "model": "QuestionareAPP.question",
    "pk": 3,
    "fields": {
      "deskriptionQuest": "третий вопрос",
      "testing": 1
    }
  },
  {
    "model": "QuestionareAPP.question",
    "pk": 4,
    "fields": {
      "deskriptionQuest": "Четвертый вопрос",
      "testing": 1
    }
  },
  {
    "model": "QuestionareAPP.question",
    "pk": 5,
    "fields": {
      "deskriptionQuest": "Пятый вопрос",
      "testing": 1
    }
  },
  {
    "model": "QuestionareAPP.question",
    "pk": 6,
    "fields": {
      "deskriptionQuest": "1+1",
      "testing": 2
    }
  },
  {
    "model": "QuestionareAPP.question",
    "pk": 7,
    "fields": {
      "deskriptionQuest": "3",
      "testing": 2
    }
  },
  {
    "model": "QuestionareAPP.question",
    "pk": 8,
    "fields": {
      "deskriptionQuest": "1+3",
      "testing": 2
    }
  },
  {
    "model": "QuestionareAPP.question",
    "pk": 9,
    "fields": {
      "deskriptionQuest": "1+4",
      "testing": 2
    }
  },
  {
    "model": "QuestionareAPP.question",
    "pk": 10,
    "fields": {
      "deskriptionQuest": "1+5",
      "testing": 2
    }
  },
  {
    "model": "QuestionareAPP.question",
    "pk": 11,
    "fields": {
      "deskriptionQuest": "1+6",
      "testing": 2
    }
  },
  {
    "model": "QuestionareAPP.answers",
    "pk": 1,
    "fields": {
      "answer": "правельный ответ",
      "itTrue": true,
      "question": 1
    }
  },
  {
    "model": "QuestionareAPP.answers",
    "pk": 2,
    "fields": {
      "answer": "ложный ответ",
      "itTrue": false,
      "question": 1
    }
  },
  {
    "model": "QuestionareAPP.answers",
    "pk": 3,
    "fields": {
      "answer": "ложный ответ",
      "itTrue": false,
      "question": 1
    }
  },
  {
    "model": "QuestionareAPP.answers",
    "pk": 4,
    "fields": {
      "answer": "ложный ответ",
      "itTrue": false,
      "question": 1
    }
  },
  {
    "model": "QuestionareAPP.answers",
    "pk": 5,
    "fields": {
      "answer": "правельный ответ",
      "itTrue": true,
      "question": 2
    }
  },
  {
    "model": "QuestionareAPP.answers",
    "pk": 6,
    "fields": {
      "answer": "ложный ответ",
      "itTrue": false,
      "question": 2
    }
  },
  {
    "model": "QuestionareAPP.answers",
    "pk": 7,
    "fields": {
      "answer": "ложный ответ",
      "itTrue": false,
      "question": 2
    }
  },
  {
    "model": "QuestionareAPP.answers",
    "pk": 8,
    "fields": {
      "answer": "ложный ответ",
      "itTrue": false,
      "question": 2
    }
  },
  {
    "model": "QuestionareAPP.answers",
    "pk": 9,
    "fields": {
      "answer": "правельный ответ",
      "itTrue": true,
      "question": 3
    }
  },
  {
    "model": "QuestionareAPP.answers",
    "pk": 10,
    "fields": {
      "answer": "ложный ответ",
      "itTrue": false,
      "question": 3
    }
  },
  {
    "model": "QuestionareAPP.answers",
    "pk": 11,
    "fields": {
      "answer": "ложный ответ",
      "itTrue": false,
      "question": 3
    }
  },
  {
    "model": "QuestionareAPP.answers",
    "pk": 12,
    "fields": {
      "answer": "ложный ответ",
      "itTrue": false,
      "question": 3
    }
  },
  {
    "model": "QuestionareAPP.answers",
    "pk": 13,
    "fields": {
      "answer": "правельный ответ",
      "itTrue": true,
      "question": 4
    }
  },
  {
    "model": "QuestionareAPP.answers",
    "pk": 14,
    "fields": {
      "answer": "ложный ответ",
      "itTrue": false,
      "question": 4
    }
  },
  {
    "model": "QuestionareAPP.answers",
    "pk": 15,
    "fields": {
      "answer": "ложный ответ",
      "itTrue": false,
      "question": 4
    }
  },
  {
    "model": "QuestionareAPP.answers",
    "pk": 16,
    "fields": {
      "answer": "ложный ответ",
      "itTrue": false,
      "question": 4
    }
  },
  {
    "model": "QuestionareAPP.answers",
    "pk": 17,
    "fields": {
      "answer": "правельный ответ",
      "itTrue": true,
      "question": 5
    }
  },
  {
    "model": "QuestionareAPP.answers",
    "pk": 18,
    "fields": {
      "answer": "ложный ответ",
      "itTrue": false,
      "question": 5
    }
  },
  {
    "model": "QuestionareAPP.answers",
    "pk": 19,
    "fields": {
      "answer": "ложный ответ",
      "itTrue": false,
      "question": 5
    }
  },
  {
    "model": "QuestionareAPP.answers",
    "pk": 20,
    "fields": {
      "answer": "ложный ответ",
      "itTrue": false,
      "question": 5
    }
  },
  {
    "model": "QuestionareAPP.answers",
    "pk": 21,
    "fields": {
      "answer": "2",
      "itTrue": true,
      "question": 6
    }
  },
  {
    "model": "QuestionareAPP.answers",
    "pk": 22,
    "fields": {
      "answer": "3",
      "itTrue": false,
      "question": 6
    }
  },
  {
    "model": "QuestionareAPP.answers",
    "pk": 23,
    "fields": {
      "answer": "4",
      "itTrue": false,
      "question": 6
    }
  },
  {
    "model": "QuestionareAPP.answers",
    "pk": 24,
    "fields": {
      "answer": "1+2",
      "itTrue": false,
      "question": 6
    }
  },
  {
    "model": "QuestionareAPP.answers",
    "pk": 25,
    "fields": {
      "answer": "4",
      "itTrue": true,
      "question": 7
    }
  },
  {
    "model": "QuestionareAPP.answers",
    "pk": 26,
    "fields": {
      "answer": "5",
      "itTrue": false,
      "question": 7
    }
  },
  {
    "model": "QuestionareAPP.answers",
    "pk": 27,
    "fields": {
      "answer": "6",
      "itTrue": false,
      "question": 7
    }
  },
  {
    "model": "QuestionareAPP.answers",
    "pk": 28,
    "fields": {
      "answer": "7",
      "itTrue": false,
      "question": 7
    }
  },
  {
    "model": "QuestionareAPP.answers",
    "pk": 29,
    "fields": {
      "answer": "4",
      "itTrue": true,
      "question": 8
    }
  },
  {
    "model": "QuestionareAPP.answers",
    "pk": 30,
    "fields": {
      "answer": "5",
      "itTrue": false,
      "question": 8
    }
  },
  {
    "model": "QuestionareAPP.answers",
    "pk": 31,
    "fields": {
      "answer": "6",
      "itTrue": false,
      "question": 8
    }
  },
  {
    "model": "QuestionareAPP.answers",
    "pk": 32,
    "fields": {
      "answer": "7",
      "itTrue": false,
      "question": 8
    }
  },
  {
    "model": "QuestionareAPP.answers",
    "pk": 33,
    "fields": {
      "answer": "5",
      "itTrue": true,
      "question": 9
    }
  },
  {
    "model": "QuestionareAPP.answers",
    "pk": 34,
    "fields": {
      "answer": "6",
      "itTrue": false,
      "question": 9
    }
  },
  {
    "model": "QuestionareAPP.answers",
    "pk": 35,
    "fields": {
      "answer": "7",
      "itTrue": false,
      "question": 9
    }
  },
  {
    "model": "QuestionareAPP.answers",
    "pk": 36,
    "fields": {
      "answer": "8",
      "itTrue": false,
      "question": 9
    }
  },
  {
    "model": "QuestionareAPP.answers",
    "pk": 37,
    "fields": {
      "answer": "6",
      "itTrue": true,
      "question": 10
    }
  },
  {
    "model": "QuestionareAPP.answers",
    "pk": 38,
    "fields": {
      "answer": "7",
      "itTrue": false,
      "question": 10
    }
  },
  {
    "model": "QuestionareAPP.answers",
    "pk": 39,
    "fields": {
      "answer": "8",
      "itTrue": false,
      "question": 10
    }
  },
  {
    "model": "QuestionareAPP.answers",
    "pk": 40,
    "fields": {
      "answer": "9",
      "itTrue": false,
      "question": 10
    }
  },
  {
    "model": "QuestionareAPP.answers",
    "pk": 41,
    "fields": {
      "answer": "7",
      "itTrue": true,
      "question": 11
    }
  },
  {
    "model": "QuestionareAPP.answers",
    "pk": 42,
    "fields": {
      "answer": "8",
      "itTrue": false,
      "question": 11
    }
  },
  {
    "model": "QuestionareAPP.answers",
    "pk": 43,
    "fields": {
      "answer": "9",
      "itTrue": false,
      "question": 11
    }
  },
  {
    "model": "QuestionareAPP.answers",
    "pk": 44,
    "fields": {
      "answer": "12",
      "itTrue": false,
      "question": 11
    }
  }
]